{
  "best_model_name": "Gradient Boosting",
  "tuned_metrics": {
    "MAE": 0.579846782153552,
    "MSE": 0.571118955870125,
    "RMSE": 0.7557241268281204,
    "R2": 0.9726180205813594,
    "MAPE": 5.1715046329267285
  }
}